﻿<MD_Metadata xmlns="http://www.isotc211.org/2005/gmd" xmlns:gco="http://www.isotc211.org/2005/gco" xmlns:gts="http://www.isotc211.org/2005/gts" xmlns:srv="http://www.isotc211.org/2005/srv" xmlns:gml="http://www.opengis.net/gml/3.2" xmlns:xlink="http://www.w3.org/1999/xlink" xmlns:xsi="http://www.w3.org/2001/XMLSchema-instance">
  <language>
    <LanguageCode codeList="http://www.loc.gov/standards/iso639-2/php/code_list.php" codeListValue="eng" codeSpace="ISO639-2">eng</LanguageCode>
  </language>
  <characterSet>
    <MD_CharacterSetCode codeList="http://www.isotc211.org/2005/resources/Codelist/gmxCodelists.xml#MD_CharacterSetCode" codeListValue="utf8" codeSpace="ISOTC211/19115">utf8</MD_CharacterSetCode>
  </characterSet>
  <hierarchyLevel>
    <MD_ScopeCode codeList="http://www.isotc211.org/2005/resources/Codelist/gmxCodelists.xml#MD_ScopeCode" codeListValue="dataset" codeSpace="ISOTC211/19115">dataset</MD_ScopeCode>
  </hierarchyLevel>
  <hierarchyLevelName>
    <gco:CharacterString>dataset</gco:CharacterString>
  </hierarchyLevelName>
  <contact>
    <CI_ResponsibleParty>
      <individualName>
        <gco:CharacterString>Amanda Frick</gco:CharacterString>
      </individualName>
      <organisationName>
        <gco:CharacterString>Department of Commerce (DOC), National Oceanic and Atmospheric Administration (NOAA), National Marine Fisheries Service (NMFS)</gco:CharacterString>
      </organisationName>
      <positionName>
        <gco:CharacterString>GIS Coordinator</gco:CharacterString>
      </positionName>
      <contactInfo>
        <CI_Contact>
          <phone>
            <CI_Telephone>
              <voice>
                <gco:CharacterString>727-824-5312</gco:CharacterString>
              </voice>
              <facsimile>
                <gco:CharacterString>727-824-5309</gco:CharacterString>
              </facsimile>
            </CI_Telephone>
          </phone>
          <address>
            <CI_Address>
              <deliveryPoint>
                <gco:CharacterString>263 13th Ave S</gco:CharacterString>
              </deliveryPoint>
              <city>
                <gco:CharacterString>St. Petersburg</gco:CharacterString>
              </city>
              <administrativeArea>
                <gco:CharacterString>FL</gco:CharacterString>
              </administrativeArea>
              <postalCode>
                <gco:CharacterString>33701</gco:CharacterString>
              </postalCode>
              <country>
                <Country codeList="http://www.iso.org/iso/country_codes/iso_3166_code_lists.htm" codeListValue="US" codeSpace="ISO3166-1">US</Country>
              </country>
              <electronicMailAddress>
                <gco:CharacterString>amanda.frick@noaa.gov</gco:CharacterString>
              </electronicMailAddress>
            </CI_Address>
          </address>
        </CI_Contact>
      </contactInfo>
      <role>
        <CI_RoleCode codeList="http://www.isotc211.org/2005/resources/Codelist/gmxCodelists.xml#CI_RoleCode" codeListValue="author" codeSpace="ISOTC211/19115">author</CI_RoleCode>
      </role>
    </CI_ResponsibleParty>
  </contact>
  <dateStamp>
    <gco:Date>2014-09-02</gco:Date>
  </dateStamp>
  <metadataStandardName>
    <gco:CharacterString>ISO 19139 Geographic Information - Metadata - Implementation Specification</gco:CharacterString>
  </metadataStandardName>
  <metadataStandardVersion>
    <gco:CharacterString>2007</gco:CharacterString>
  </metadataStandardVersion>
  <spatialRepresentationInfo>
    <MD_VectorSpatialRepresentation>
      <topologyLevel>
        <MD_TopologyLevelCode codeList="http://www.isotc211.org/2005/resources/Codelist/gmxCodelists.xml#MD_TopologyLevelCode" codeListValue="geometryOnly" codeSpace="ISOTC211/19115">geometryOnly</MD_TopologyLevelCode>
      </topologyLevel>
      <geometricObjects>
        <MD_GeometricObjects>
          <geometricObjectType>
            <MD_GeometricObjectTypeCode codeList="http://www.isotc211.org/2005/resources/Codelist/gmxCodelists.xml#MD_GeometricObjectTypeCode" codeListValue="composite" codeSpace="ISOTC211/19115">composite</MD_GeometricObjectTypeCode>
          </geometricObjectType>
          <geometricObjectCount>
            <gco:Integer>1</gco:Integer>
          </geometricObjectCount>
        </MD_GeometricObjects>
      </geometricObjects>
    </MD_VectorSpatialRepresentation>
  </spatialRepresentationInfo>
  <referenceSystemInfo>
    <MD_ReferenceSystem>
      <referenceSystemIdentifier>
        <RS_Identifier>
          <code>
            <gco:CharacterString>4269</gco:CharacterString>
          </code>
          <codeSpace>
            <gco:CharacterString>EPSG</gco:CharacterString>
          </codeSpace>
          <version>
            <gco:CharacterString>8.2.6</gco:CharacterString>
          </version>
        </RS_Identifier>
      </referenceSystemIdentifier>
    </MD_ReferenceSystem>
  </referenceSystemInfo>
  <identificationInfo>
    <MD_DataIdentification>
      <citation>
        <CI_Citation>
          <title>
            <gco:CharacterString>Alabama SMZ (polygon)</gco:CharacterString>
          </title>
          <date>
            <CI_Date>
              <date>
                <gco:Date>2013-07-01</gco:Date>
              </date>
              <dateType>
                <CI_DateTypeCode codeList="http://www.isotc211.org/2005/resources/Codelist/gmxCodelists.xml#CI_DateTypeCode" codeListValue="publication" codeSpace="ISOTC211/19115">publication</CI_DateTypeCode>
              </dateType>
            </CI_Date>
          </date>
          <citedResponsibleParty>
            <CI_ResponsibleParty>
              <individualName>
                <gco:CharacterString>Amanda Frick</gco:CharacterString>
              </individualName>
              <organisationName>
                <gco:CharacterString>Department of Commerce (DOC), National Oceanic and Atmospheric Administration (NOAA), National Marine Fisheries Service (NMFS)</gco:CharacterString>
              </organisationName>
              <positionName>
                <gco:CharacterString>GIS Coordinator</gco:CharacterString>
              </positionName>
              <contactInfo>
                <CI_Contact>
                  <phone>
                    <CI_Telephone>
                      <voice>
                        <gco:CharacterString>727-824-5312</gco:CharacterString>
                      </voice>
                      <facsimile>
                        <gco:CharacterString>727-824-5309</gco:CharacterString>
                      </facsimile>
                    </CI_Telephone>
                  </phone>
                  <address>
                    <CI_Address>
                      <deliveryPoint>
                        <gco:CharacterString>263 13th Ave S</gco:CharacterString>
                      </deliveryPoint>
                      <city>
                        <gco:CharacterString>St. Petersburg</gco:CharacterString>
                      </city>
                      <administrativeArea>
                        <gco:CharacterString>FL</gco:CharacterString>
                      </administrativeArea>
                      <postalCode>
                        <gco:CharacterString>33701</gco:CharacterString>
                      </postalCode>
                      <country>
                        <Country codeList="http://www.iso.org/iso/country_codes/iso_3166_code_lists.htm" codeListValue="US" codeSpace="ISO3166-1">US</Country>
                      </country>
                      <electronicMailAddress>
                        <gco:CharacterString>amanda.frick@noaa.gov</gco:CharacterString>
                      </electronicMailAddress>
                    </CI_Address>
                  </address>
                </CI_Contact>
              </contactInfo>
              <role>
                <CI_RoleCode codeList="http://www.isotc211.org/2005/resources/Codelist/gmxCodelists.xml#CI_RoleCode" codeListValue="originator" codeSpace="ISOTC211/19115">originator</CI_RoleCode>
              </role>
            </CI_ResponsibleParty>
          </citedResponsibleParty>
          <presentationForm>
            <CI_PresentationFormCode codeList="http://www.isotc211.org/2005/resources/Codelist/gmxCodelists.xml#CI_PresentationFormCode" codeListValue="mapDigital" codeSpace="ISOTC211/19115">mapDigital</CI_PresentationFormCode>
          </presentationForm>
        </CI_Citation>
      </citation>
      <abstract>
        <gco:CharacterString>These data represent the geographic area described in Title 50 CFR Part 622.35(d), Fisheries of the Caribbean, Gulf of Mexico, and South Atlantic, Subpart B - Reef Fish Resources of the Gulf of Mexico, Gear resticted areas, Alabama SMZ as of 07/01/13.</gco:CharacterString>
      </abstract>
      <purpose>
        <gco:CharacterString>The purpose of these data is to visually represent the seasonal and/or area closures for GIS analysis and display. This does not necessarily reflect the latest information contained in the Code of Federal Regulations. Users must assume responsibility to determine the appropriate use of these data as the currency and/or accuracy of these data cannot be guaranteed.</gco:CharacterString>
      </purpose>
      <status>
        <MD_ProgressCode codeList="http://www.isotc211.org/2005/resources/Codelist/gmxCodelists.xml#MD_ProgressCode" codeListValue="completed" codeSpace="ISOTC211/19115">completed</MD_ProgressCode>
      </status>
      <pointOfContact>
        <CI_ResponsibleParty>
          <individualName>
            <gco:CharacterString>Amanda Frick</gco:CharacterString>
          </individualName>
          <organisationName>
            <gco:CharacterString>Department of Commerce (DOC), National Oceanic and Atmospheric Administration (NOAA), National Marine Fisheries Service (NMFS)</gco:CharacterString>
          </organisationName>
          <positionName>
            <gco:CharacterString>GIS Coordinator</gco:CharacterString>
          </positionName>
          <contactInfo>
            <CI_Contact>
              <phone>
                <CI_Telephone>
                  <voice>
                    <gco:CharacterString>727-824-5312</gco:CharacterString>
                  </voice>
                  <facsimile>
                    <gco:CharacterString>727-824-5309</gco:CharacterString>
                  </facsimile>
                </CI_Telephone>
              </phone>
              <address>
                <CI_Address>
                  <deliveryPoint>
                    <gco:CharacterString>263 13th Ave S</gco:CharacterString>
                  </deliveryPoint>
                  <city>
                    <gco:CharacterString>St. Petersburg</gco:CharacterString>
                  </city>
                  <administrativeArea>
                    <gco:CharacterString>FL</gco:CharacterString>
                  </administrativeArea>
                  <postalCode>
                    <gco:CharacterString>33701</gco:CharacterString>
                  </postalCode>
                  <country>
                    <Country codeList="http://www.iso.org/iso/country_codes/iso_3166_code_lists.htm" codeListValue="US" codeSpace="ISO3166-1">US</Country>
                  </country>
                  <electronicMailAddress>
                    <gco:CharacterString>amanda.frick@noaa.gov</gco:CharacterString>
                  </electronicMailAddress>
                </CI_Address>
              </address>
            </CI_Contact>
          </contactInfo>
          <role>
            <CI_RoleCode codeList="http://www.isotc211.org/2005/resources/Codelist/gmxCodelists.xml#CI_RoleCode" codeListValue="pointOfContact" codeSpace="ISOTC211/19115">pointOfContact</CI_RoleCode>
          </role>
        </CI_ResponsibleParty>
      </pointOfContact>
      <resourceMaintenance>
        <MD_MaintenanceInformation>
          <maintenanceAndUpdateFrequency>
            <MD_MaintenanceFrequencyCode codeList="http://www.isotc211.org/2005/resources/Codelist/gmxCodelists.xml#MD_MaintenanceFrequencyCode" codeListValue="asNeeded" codeSpace="ISOTC211/19115">asNeeded</MD_MaintenanceFrequencyCode>
          </maintenanceAndUpdateFrequency>
        </MD_MaintenanceInformation>
      </resourceMaintenance>
      <descriptiveKeywords>
        <MD_Keywords>
          <keyword>
            <gco:CharacterString>Gulf of Mexico</gco:CharacterString>
          </keyword>
          <keyword>
            <gco:CharacterString>EEZ</gco:CharacterString>
          </keyword>
          <type>
            <MD_KeywordTypeCode codeList="http://www.isotc211.org/2005/resources/Codelist/gmxCodelists.xml#MD_KeywordTypeCode" codeListValue="place" codeSpace="ISOTC211/19115">place</MD_KeywordTypeCode>
          </type>
        </MD_Keywords>
      </descriptiveKeywords>
      <descriptiveKeywords>
        <MD_Keywords>
          <keyword>
            <gco:CharacterString>fishery management areas</gco:CharacterString>
          </keyword>
          <keyword>
            <gco:CharacterString>NMFS</gco:CharacterString>
          </keyword>
          <keyword>
            <gco:CharacterString>marine protected areas</gco:CharacterString>
          </keyword>
          <keyword>
            <gco:CharacterString>National Marine Fisheries Service</gco:CharacterString>
          </keyword>
          <keyword>
            <gco:CharacterString>GIS</gco:CharacterString>
          </keyword>
          <keyword>
            <gco:CharacterString>closed areas</gco:CharacterString>
          </keyword>
          <keyword>
            <gco:CharacterString>MPA</gco:CharacterString>
          </keyword>
          <type>
            <MD_KeywordTypeCode codeList="http://www.isotc211.org/2005/resources/Codelist/gmxCodelists.xml#MD_KeywordTypeCode" codeListValue="theme" codeSpace="ISOTC211/19115">theme</MD_KeywordTypeCode>
          </type>
        </MD_Keywords>
      </descriptiveKeywords>
      <descriptiveKeywords>
        <MD_Keywords>
          <keyword>
            <gco:CharacterString>Downloadable Data</gco:CharacterString>
          </keyword>
          <thesaurusName uuidref="723f6998-058e-11dc-8314-0800200c9a66" />
        </MD_Keywords>
      </descriptiveKeywords>
      <resourceConstraints>
        <MD_Constraints>
          <useLimitation>
            <gco:CharacterString>NOT FOR LEGAL USE. Users be advised that the accuracy of this dataset is somewhat dependent upon the accuracy of the state/federal marine boundary and EEZ data if it was used in the data creation process. For more details on this process, see the process description. The current text description from Title 50 Part 622, Fisheries of the Caribbean, Gulf of Mexico, and South Atlantic, is always the one, true definition of the seasonal and/or area closures. These, or any other depictions, are for information purposes only and shouldn't be relied on for regulatory purposes.</gco:CharacterString>
          </useLimitation>
        </MD_Constraints>
      </resourceConstraints>
      <resourceConstraints>
        <MD_LegalConstraints>
          <useLimitation>
            <gco:CharacterString>Although these data have been used by the National Oceanic and Atmospheric Administration, U.S. Department of Commerce, no warranty expressed or implied is made by the National Oceanic and Atmospheric Administration as to the accuracy of the data. The act of Distribution shall not constitute any such warranty, and no responsibility is assumed by the National Oceanic and Atmospheric Administration in the use of these data, software, or related materials.</gco:CharacterString>
          </useLimitation>
        </MD_LegalConstraints>
      </resourceConstraints>
      <aggregationInfo>
        <MD_AggregateInformation>
          <aggregateDataSetName>
            <CI_Citation>
              <title>
                <gco:CharacterString>Title 50 CFR Part 622</gco:CharacterString>
              </title>
              <date gco:nilReason="missing" />
            </CI_Citation>
          </aggregateDataSetName>
          <associationType>
            <DS_AssociationTypeCode codeList="http://www.isotc211.org/2005/resources/Codelist/gmxCodelists.xml#DS_AssociationTypeCode" codeListValue="crossReference" codeSpace="ISOTC211/19115">crossReference</DS_AssociationTypeCode>
          </associationType>
        </MD_AggregateInformation>
      </aggregationInfo>
      <spatialRepresentationType>
        <MD_SpatialRepresentationTypeCode codeList="http://www.isotc211.org/2005/resources/Codelist/gmxCodelists.xml#MD_SpatialRepresentationTypeCode" codeListValue="vector" codeSpace="ISOTC211/19115">vector</MD_SpatialRepresentationTypeCode>
      </spatialRepresentationType>
      <language>
        <LanguageCode codeList="http://www.loc.gov/standards/iso639-2/php/code_list.php" codeListValue="eng" codeSpace="ISO639-2">eng</LanguageCode>
      </language>
      <characterSet>
        <MD_CharacterSetCode codeList="http://www.isotc211.org/2005/resources/Codelist/gmxCodelists.xml#MD_CharacterSetCode" codeListValue="utf8" codeSpace="ISOTC211/19115">utf8</MD_CharacterSetCode>
      </characterSet>
      <topicCategory>
        <MD_TopicCategoryCode>biota</MD_TopicCategoryCode>
      </topicCategory>
      <topicCategory>
        <MD_TopicCategoryCode>boundaries</MD_TopicCategoryCode>
      </topicCategory>
      <topicCategory>
        <MD_TopicCategoryCode>environment</MD_TopicCategoryCode>
      </topicCategory>
      <topicCategory>
        <MD_TopicCategoryCode>oceans</MD_TopicCategoryCode>
      </topicCategory>
      <environmentDescription>
        <gco:CharacterString>Microsoft Windows 7 Version 6.1 (Build 7601) Service Pack 1; Esri ArcGIS 10.2.2.3552</gco:CharacterString>
      </environmentDescription>
      <extent>
        <EX_Extent>
          <description>
            <gco:CharacterString>ground condition</gco:CharacterString>
          </description>
          <temporalElement>
            <EX_TemporalExtent>
              <extent>
                <gml:TimePeriod gml:id="ID0EKFAC">
                  <gml:beginPosition>2013-07-01T00:00:00</gml:beginPosition>
                  <gml:endPosition indeterminatePosition="unknown" />
                </gml:TimePeriod>
              </extent>
            </EX_TemporalExtent>
          </temporalElement>
        </EX_Extent>
      </extent>
      <extent>
        <EX_Extent>
          <geographicElement>
            <EX_GeographicBoundingBox>
              <extentTypeCode>
                <gco:Boolean>true</gco:Boolean>
              </extentTypeCode>
              <westBoundLongitude>
                <gco:Decimal>-88.128328</gco:Decimal>
              </westBoundLongitude>
              <eastBoundLongitude>
                <gco:Decimal>-87.924995</gco:Decimal>
              </eastBoundLongitude>
              <southBoundLatitude>
                <gco:Decimal>29.908328</gco:Decimal>
              </southBoundLatitude>
              <northBoundLatitude>
                <gco:Decimal>30.043328</gco:Decimal>
              </northBoundLatitude>
            </EX_GeographicBoundingBox>
          </geographicElement>
        </EX_Extent>
      </extent>
    </MD_DataIdentification>
  </identificationInfo>
  <distributionInfo>
    <MD_Distribution>
      <distributionFormat>
        <MD_Format>
          <name>
            <gco:CharacterString>Shapefile</gco:CharacterString>
          </name>
          <version>
            <gco:CharacterString>ArcGIS 9-10.x</gco:CharacterString>
          </version>
        </MD_Format>
      </distributionFormat>
      <distributor>
        <MD_Distributor>
          <distributorContact>
            <CI_ResponsibleParty>
              <individualName>
                <gco:CharacterString>Amanda Frick</gco:CharacterString>
              </individualName>
              <organisationName>
                <gco:CharacterString>Department of Commerce (DOC), National Oceanic and Atmospheric Administration (NOAA), National Marine Fisheries Service (NMFS)</gco:CharacterString>
              </organisationName>
              <positionName>
                <gco:CharacterString>GIS Coordinator</gco:CharacterString>
              </positionName>
              <contactInfo>
                <CI_Contact>
                  <phone>
                    <CI_Telephone>
                      <voice>
                        <gco:CharacterString>727-824-5312</gco:CharacterString>
                      </voice>
                      <facsimile>
                        <gco:CharacterString>727-824-5309</gco:CharacterString>
                      </facsimile>
                    </CI_Telephone>
                  </phone>
                  <address>
                    <CI_Address>
                      <deliveryPoint>
                        <gco:CharacterString>263 13th Ave S</gco:CharacterString>
                      </deliveryPoint>
                      <city>
                        <gco:CharacterString>St. Petersburg</gco:CharacterString>
                      </city>
                      <administrativeArea>
                        <gco:CharacterString>FL</gco:CharacterString>
                      </administrativeArea>
                      <postalCode>
                        <gco:CharacterString>33701</gco:CharacterString>
                      </postalCode>
                      <country>
                        <Country codeList="http://www.iso.org/iso/country_codes/iso_3166_code_lists.htm" codeListValue="US" codeSpace="ISO3166-1">US</Country>
                      </country>
                      <electronicMailAddress>
                        <gco:CharacterString>amanda.frick@noaa.gov</gco:CharacterString>
                      </electronicMailAddress>
                    </CI_Address>
                  </address>
                </CI_Contact>
              </contactInfo>
              <role>
                <CI_RoleCode codeList="http://www.isotc211.org/2005/resources/Codelist/gmxCodelists.xml#CI_RoleCode" codeListValue="distributor" codeSpace="ISOTC211/19115">distributor</CI_RoleCode>
              </role>
            </CI_ResponsibleParty>
          </distributorContact>
        </MD_Distributor>
      </distributor>
      <transferOptions>
        <MD_DigitalTransferOptions>
          <onLine>
            <CI_OnlineResource>
              <linkage>
                <URL>http://sero.nmfs.noaa.gov/maps_gis_data/fisheries/gom/GOM_index.html </URL>
              </linkage>
            </CI_OnlineResource>
          </onLine>
        </MD_DigitalTransferOptions>
      </transferOptions>
    </MD_Distribution>
  </distributionInfo>
  <dataQualityInfo>
    <DQ_DataQuality>
      <scope>
        <DQ_Scope>
          <level>
            <MD_ScopeCode codeList="http://www.isotc211.org/2005/resources/Codelist/gmxCodelists.xml#MD_ScopeCode" codeListValue="dataset" codeSpace="ISOTC211/19115">dataset</MD_ScopeCode>
          </level>
        </DQ_Scope>
      </scope>
      <report>
        <DQ_ConceptualConsistency>
          <measureDescription>
            <gco:CharacterString>No tests for logical consistency were performed on this data. The data was visually inspected to confirm that: it contains the requisite points and boundaries from the CFR text description; and the inside and outside of the polygons are where they should be.</gco:CharacterString>
          </measureDescription>
          <result gco:nilReason="missing" />
        </DQ_ConceptualConsistency>
      </report>
      <report>
        <DQ_CompletenessOmission>
          <measureDescription>
            <gco:CharacterString>Complete Pending NMFS SFD Review</gco:CharacterString>
          </measureDescription>
          <result gco:nilReason="missing" />
        </DQ_CompletenessOmission>
      </report>
      <report>
        <DQ_AbsoluteExternalPositionalAccuracy>
          <measureDescription>
            <gco:CharacterString>No specific test was performed on the dataset. For the state/federal marine boundary and EEZ lines, obtained from the National Oceanic and Atmospheric Administration's National Ocean Service, the data is a reflection of the largest scale raster nautical charts of the area. The number of decimal places used in the output format does not imply an accuracy level higher than the source chart documents. The positional point data from Title 50 CFR Part 622 is accurate to the distance published in that source, varying by closed area, from one second to one minute of latitude or longitude.</gco:CharacterString>
          </measureDescription>
          <result gco:nilReason="missing" />
        </DQ_AbsoluteExternalPositionalAccuracy>
      </report>
      <lineage>
        <LI_Lineage>
          <processStep>
            <LI_ProcessStep>
              <description>
                <gco:CharacterString>Created polygons of the closed areas using ESRI software from the points generated in the previous process step. If the closed area shared a border with the EEZ, or state/federal marine boundary, the EEZ or state water shapefile was combined with the geographic area described in Title 50 CFR Part 622 to complete polygon.</gco:CharacterString>
              </description>
              <processor>
                <CI_ResponsibleParty>
                  <individualName>
                    <gco:CharacterString>Amanda Frick</gco:CharacterString>
                  </individualName>
                  <organisationName>
                    <gco:CharacterString>Department of Commerce (DOC), National Oceanic and Atmospheric Administration (NOAA), National Marine Fisheries Service (NMFS)</gco:CharacterString>
                  </organisationName>
                  <positionName>
                    <gco:CharacterString>GIS Coordinator</gco:CharacterString>
                  </positionName>
                  <contactInfo>
                    <CI_Contact>
                      <phone>
                        <CI_Telephone>
                          <voice>
                            <gco:CharacterString>727-824-5312</gco:CharacterString>
                          </voice>
                          <facsimile>
                            <gco:CharacterString>727-824-5309</gco:CharacterString>
                          </facsimile>
                        </CI_Telephone>
                      </phone>
                      <address>
                        <CI_Address>
                          <deliveryPoint>
                            <gco:CharacterString>263 13th Ave S</gco:CharacterString>
                          </deliveryPoint>
                          <city>
                            <gco:CharacterString>St. Petersburg</gco:CharacterString>
                          </city>
                          <administrativeArea>
                            <gco:CharacterString>FL</gco:CharacterString>
                          </administrativeArea>
                          <postalCode>
                            <gco:CharacterString>33701</gco:CharacterString>
                          </postalCode>
                          <country>
                            <Country codeList="http://www.iso.org/iso/country_codes/iso_3166_code_lists.htm" codeListValue="US" codeSpace="ISO3166-1">US</Country>
                          </country>
                          <electronicMailAddress>
                            <gco:CharacterString>amanda.frick@noaa.gov</gco:CharacterString>
                          </electronicMailAddress>
                        </CI_Address>
                      </address>
                    </CI_Contact>
                  </contactInfo>
                  <role>
                    <CI_RoleCode codeList="http://www.isotc211.org/2005/resources/Codelist/gmxCodelists.xml#CI_RoleCode" codeListValue="processor" codeSpace="ISOTC211/19115">processor</CI_RoleCode>
                  </role>
                </CI_ResponsibleParty>
              </processor>
            </LI_ProcessStep>
          </processStep>
          <processStep>
            <LI_ProcessStep>
              <description>
                <gco:CharacterString>Points were entered in a table from geographic locations in Title 50 CFR Part 622, and a point GIS layer was created.</gco:CharacterString>
              </description>
              <processor>
                <CI_ResponsibleParty>
                  <individualName>
                    <gco:CharacterString>Amanda Frick</gco:CharacterString>
                  </individualName>
                  <organisationName>
                    <gco:CharacterString>Department of Commerce (DOC), National Oceanic and Atmospheric Administration (NOAA), National Marine Fisheries Service (NMFS)</gco:CharacterString>
                  </organisationName>
                  <positionName>
                    <gco:CharacterString>GIS Coordinator</gco:CharacterString>
                  </positionName>
                  <contactInfo>
                    <CI_Contact>
                      <phone>
                        <CI_Telephone>
                          <voice>
                            <gco:CharacterString>727-824-5312</gco:CharacterString>
                          </voice>
                          <facsimile>
                            <gco:CharacterString>727-824-5309</gco:CharacterString>
                          </facsimile>
                        </CI_Telephone>
                      </phone>
                      <address>
                        <CI_Address>
                          <deliveryPoint>
                            <gco:CharacterString>263 13th Ave S</gco:CharacterString>
                          </deliveryPoint>
                          <city>
                            <gco:CharacterString>St. Petersburg</gco:CharacterString>
                          </city>
                          <administrativeArea>
                            <gco:CharacterString>FL</gco:CharacterString>
                          </administrativeArea>
                          <postalCode>
                            <gco:CharacterString>33701</gco:CharacterString>
                          </postalCode>
                          <country>
                            <Country codeList="http://www.iso.org/iso/country_codes/iso_3166_code_lists.htm" codeListValue="US" codeSpace="ISO3166-1">US</Country>
                          </country>
                          <electronicMailAddress>
                            <gco:CharacterString>amanda.frick@noaa.gov</gco:CharacterString>
                          </electronicMailAddress>
                        </CI_Address>
                      </address>
                    </CI_Contact>
                  </contactInfo>
                  <role>
                    <CI_RoleCode codeList="http://www.isotc211.org/2005/resources/Codelist/gmxCodelists.xml#CI_RoleCode" codeListValue="processor" codeSpace="ISOTC211/19115">processor</CI_RoleCode>
                  </role>
                </CI_ResponsibleParty>
              </processor>
              <source>
                <LI_Source>
                  <description>
                    <gco:CharacterString>Title 50 CFR 622</gco:CharacterString>
                  </description>
                </LI_Source>
              </source>
            </LI_ProcessStep>
          </processStep>
          <source>
            <LI_Source>
              <description>
                <gco:CharacterString>geographic locations of closed and/or managed areas.</gco:CharacterString>
              </description>
              <sourceCitation>
                <CI_Citation>
                  <title>
                    <gco:CharacterString>Title 50 CFR Part 622</gco:CharacterString>
                  </title>
                  <date gco:nilReason="missing" />
                  <citedResponsibleParty>
                    <CI_ResponsibleParty>
                      <organisationName>
                        <gco:CharacterString>Code of Federal Regulations, Office of the Federal Register, National Archives and Records Administration</gco:CharacterString>
                      </organisationName>
                      <role>
                        <CI_RoleCode codeList="http://www.isotc211.org/2005/resources/Codelist/gmxCodelists.xml#CI_RoleCode" codeListValue="originator" codeSpace="ISOTC211/19115">originator</CI_RoleCode>
                      </role>
                    </CI_ResponsibleParty>
                  </citedResponsibleParty>
                  <presentationForm>
                    <CI_PresentationFormCode codeList="http://www.isotc211.org/2005/resources/Codelist/gmxCodelists.xml#CI_PresentationFormCode" codeListValue="documentHardcopy" codeSpace="ISOTC211/19115">documentHardcopy</CI_PresentationFormCode>
                  </presentationForm>
                </CI_Citation>
              </sourceCitation>
              <sourceExtent>
                <EX_Extent>
                  <description>
                    <gco:CharacterString>publication date</gco:CharacterString>
                  </description>
                </EX_Extent>
              </sourceExtent>
            </LI_Source>
          </source>
        </LI_Lineage>
      </lineage>
    </DQ_DataQuality>
  </dataQualityInfo>
  <metadataMaintenance>
    <MD_MaintenanceInformation>
      <maintenanceAndUpdateFrequency>
        <MD_MaintenanceFrequencyCode codeList="http://www.isotc211.org/2005/resources/Codelist/gmxCodelists.xml#MD_MaintenanceFrequencyCode" codeListValue="asNeeded" codeSpace="ISOTC211/19115">asNeeded</MD_MaintenanceFrequencyCode>
      </maintenanceAndUpdateFrequency>
    </MD_MaintenanceInformation>
  </metadataMaintenance>
</MD_Metadata>