<?xml version="1.0" encoding="UTF-8"?>
<metadata xml:lang="en"><Esri><CreaDate>20151204</CreaDate><CreaTime>13521600</CreaTime><ArcGISstyle>FGDC CSDGM Metadata</ArcGISstyle><SyncOnce>FALSE</SyncOnce><DataProperties><itemProps><itemName Sync="TRUE">MSA_FMC_US_Atlantic_GOM</itemName><itemSize Sync="TRUE">4.148</itemSize><itemLocation><linkage Sync="TRUE">file://\\10.0.0.18\files\GIS\DATA\BASE\Council_Boundaries\NOAA_OfficialVersion\MSA_FMC_US_Atlantic_GOM.shp</linkage><protocol Sync="TRUE">Local Area Network</protocol></itemLocation><nativeExtBox><westBL Sync="TRUE">-97.211470</westBL><eastBL Sync="TRUE">-65.699460</eastBL><southBL Sync="TRUE">23.817944</southBL><northBL Sync="TRUE">44.769022</northBL><exTypeCode Sync="TRUE">1</exTypeCode></nativeExtBox><imsContentType Sync="TRUE" export="False">002</imsContentType></itemProps><coordRef><type Sync="TRUE">Geographic</type><geogcsn Sync="TRUE">GCS_North_American_1983</geogcsn><peXml Sync="TRUE">&lt;GeographicCoordinateSystem xsi:type='typens:GeographicCoordinateSystem' xmlns:xsi='http://www.w3.org/2001/XMLSchema-instance' xmlns:xs='http://www.w3.org/2001/XMLSchema' xmlns:typens='http://www.esri.com/schemas/ArcGIS/10.1'&gt;&lt;WKT&gt;GEOGCS[&amp;quot;GCS_North_American_1983&amp;quot;,DATUM[&amp;quot;D_North_American_1983&amp;quot;,SPHEROID[&amp;quot;GRS_1980&amp;quot;,6378137.0,298.257222101]],PRIMEM[&amp;quot;Greenwich&amp;quot;,0.0],UNIT[&amp;quot;Degree&amp;quot;,0.0174532925199433],AUTHORITY[&amp;quot;EPSG&amp;quot;,4269]]&lt;/WKT&gt;&lt;XOrigin&gt;-400&lt;/XOrigin&gt;&lt;YOrigin&gt;-400&lt;/YOrigin&gt;&lt;XYScale&gt;11258999068426.238&lt;/XYScale&gt;&lt;ZOrigin&gt;-100000&lt;/ZOrigin&gt;&lt;ZScale&gt;10000&lt;/ZScale&gt;&lt;MOrigin&gt;-100000&lt;/MOrigin&gt;&lt;MScale&gt;10000&lt;/MScale&gt;&lt;XYTolerance&gt;8.9831528411952133e-009&lt;/XYTolerance&gt;&lt;ZTolerance&gt;0.001&lt;/ZTolerance&gt;&lt;MTolerance&gt;0.001&lt;/MTolerance&gt;&lt;HighPrecision&gt;true&lt;/HighPrecision&gt;&lt;LeftLongitude&gt;-180&lt;/LeftLongitude&gt;&lt;WKID&gt;4269&lt;/WKID&gt;&lt;LatestWKID&gt;4269&lt;/LatestWKID&gt;&lt;/GeographicCoordinateSystem&gt;</peXml><csUnits Sync="TRUE">Angular Unit: Degree (0.017453)</csUnits></coordRef><lineage><Process ToolSource="C:\ArcGIS\Desktop10.0\ArcToolbox\Toolboxes\Data Management Tools.tbx\FeatureToPolygon" Date="20110603" Time="110254" Name="" export="">FeatureToPolygon US_EEZ_mrg Q:\PRODUCTS\person\africk\eez\marinecadastre_gov\US_EEZ_East2_all_po.shp # NO_ATTRIBUTES #</Process><Process ToolSource="C:\ArcGIS\Desktop10.0\ArcToolbox\Toolboxes\Data Management Tools.tbx\Project" Date="20110613" Time="120337" Name="" export="">Project US_EEZ_East2_all_po "C:\Documents and Settings\amanda.frick\My Documents\ArcGIS\Default.gdb\US_EEZ_East_wgs84_po" GEOGCS['GCS_WGS_1984',DATUM['D_WGS_1984',SPHEROID['WGS_1984',6378137.0,298.257223563]],PRIMEM['Greenwich',0.0],UNIT['Degree',0.0174532925199433]] NAD_1983_To_WGS_1984_5 GEOGCS['GCS_North_American_1983',DATUM['D_North_American_1983',SPHEROID['GRS_1980',6378137.0,298.257222101]],PRIMEM['Greenwich',0.0],UNIT['Degree',0.0174532925199433]]</Process><Process ToolSource="c:\arcgis\desktop10.0\ArcToolbox\Toolboxes\Data Management Tools.tbx\Project" Date="20121018" Time="151054" Name="" export="">Project US_EEZ_East_FMC_wgs84 Q:\PRODUCTS\person\africk\eez\marinecadastre_gov\US_EEZ_EastUS_FMC_NAD83.shp GEOGCS['GCS_North_American_1983',DATUM['D_North_American_1983',SPHEROID['GRS_1980',6378137.0,298.257222101]],PRIMEM['Greenwich',0.0],UNIT['Degree',0.0174532925199433]] NAD_1983_To_WGS_1984_5 GEOGCS['GCS_WGS_1984',DATUM['D_WGS_1984',SPHEROID['WGS_1984',6378137.0,298.257223563]],PRIMEM['Greenwich',0.0],UNIT['Degree',0.0174532925199433]]</Process></lineage><copyHistory><copy source="Q:\PRODUCTS\person\africk\eez\US_EEZ_East_FMC_wgs84" dest="\\sas4\gis\gisdata\PRODUCTS\person\africk\eez\marinecadastre_gov\US_EEZ_East_FMC_wgs84" date="20111101" time="14384700"/></copyHistory></DataProperties><SyncDate>20140613</SyncDate><SyncTime>11420600</SyncTime><ModDate>20140613</ModDate><ModTime>11420600</ModTime><ArcGISFormat>1.0</ArcGISFormat><scaleRange><minScale>150000000</minScale><maxScale>5000</maxScale></scaleRange><ArcGISProfile>FGDC</ArcGISProfile></Esri><mdLang><languageCode value="eng"/><countryCode value="USA" Sync="TRUE"/></mdLang><mdChar><CharSetCd value="004"/></mdChar><mdHrLv><ScopeCd value="005"/></mdHrLv><mdContact xmlns=""><rpIndName>GIS Coordinator</rpIndName><rpOrgName>Department of Commerce (DOC), National Oceanic and Atmospheric Administration (NOAA), National Marine Fisheries Service (NMFS)</rpOrgName><rpPosName>GIS Coordinator</rpPosName><rpCntInfo xmlns=""><cntPhone><voiceNum tddtty="">727-824-5312</voiceNum><faxNum>727-824-5309</faxNum></cntPhone><cntAddress addressType="both"><delPoint>263 13th Ave S</delPoint><city>St. Petersburg</city><adminArea>FL</adminArea><postCode>33701</postCode><country>US</country><eMailAdd>nmfs.ser.gis.coordinator@noaa.gov</eMailAdd></cntAddress></rpCntInfo><role><RoleCd value="007"/></role></mdContact><mdDateSt Sync="TRUE">20140613</mdDateSt><mdStanName>ArcGIS Metadata</mdStanName><mdStanVer>1.0</mdStanVer><distInfo xmlns=""><distributor xmlns=""><distorCont xmlns=""><rpIndName>GIS Coordinator</rpIndName><rpOrgName>Department of Commerce (DOC), National Oceanic and Atmospheric Administration (NOAA), National Marine Fisheries Service (NMFS)</rpOrgName><rpPosName>GIS Coordinator</rpPosName><rpCntInfo><cntPhone><voiceNum>727-824-5312</voiceNum><faxNum>727-824-5309</faxNum></cntPhone><cntAddress addressType="both"><delPoint>263 13th Ave S</delPoint><city>St. Petersburg</city><adminArea>FL</adminArea><postCode>33701</postCode><country>US</country><eMailAdd>nmfs.ser.gis.coordinator@noaa.gov</eMailAdd></cntAddress></rpCntInfo><role><RoleCd value="005"/></role></distorCont></distributor><distFormat xmlns=""><formatName Sync="TRUE">Shapefile</formatName><formatVer>ArcGIS 10</formatVer></distFormat><distTranOps xmlns=""><transSize Sync="FALSE">4.249</transSize></distTranOps></distInfo><dataIdInfo><idCitation xmlns=""><resTitle Sync="FALSE">US Atlantic and Gulf of Mexico MSA FMC Waters polygon</resTitle><date><pubDate>2011-06-03T00:00:00</pubDate></date><resEd>v. 1.0</resEd><citRespParty xmlns=""><rpOrgName>Department of Commerce (DOC), National Oceanic and Atmospheric Administration (NOAA), National Marine Fisheries Service (NMFS)</rpOrgName><rpCntInfo xmlns=""><cntAddress addressType=""><delPoint>263 13th Ave S, St. Petersburg, FL, 33701, US</delPoint></cntAddress></rpCntInfo><role><RoleCd value="010"/></role></citRespParty><citRespParty xmlns=""><rpOrgName>Department of Commerce (DOC), National Oceanic and Atmospheric Administration (NOAA), National Marine Fisheries Service (NMFS), GIS Coordinator, GIS Coordinator</rpOrgName><role><RoleCd value="006"/></role></citRespParty><presForm xmlns=""><PresFormCd value="005"/></presForm><presForm xmlns=""><fgdcGeoform>vector digital data</fgdcGeoform></presForm></idCitation><idAbs>&lt;DIV STYLE="text-align:Left;"&gt;&lt;DIV&gt;&lt;DIV&gt;&lt;P&gt;&lt;SPAN&gt;This GIS polygon data delineates the Magnuson-Stevens Fishery Conservation &amp;amp; Management Act (MSA) for the Atlantic Ocean and Gulf of Mexico marine waters. The MSA is the primary law governing marine fisheries management in the United States federal waters. The Act created regional fishery management councils to manage fisheries and promote conservation. The MSA geographic area extends from the state/federal water boundary to the exclusive economic zone (EEZ) outer boundary, and this data is a combination of this outer and inner boundary. The National Marine Fisheries Service (NMFS) uses these boundaries to create the geographic regulatory boundaries in federal waters. The limits of the EEZ are determined from the official U.S. baseline, recognized as the low-water line along the coast as marked on the official U.S. nautical charts in accordance with the articles of the Law of the Sea. The state/federal water boundary is based on the Submerged Lands Act (SLA) boundary line and protraction diagrams. Metadata for the EEZ and the SLA are available at the Multipurpose Marine Cadastre (MMC) website or the specific Agency websites listed in the credits. The Fishery Management Council Boundaries are included in this dataset, and bisect the MSA.&lt;/SPAN&gt;&lt;/P&gt;&lt;P&gt;&lt;SPAN&gt;Because GIS projection and topology functions can change or generalize coordinates, these GIS files are considered to be approximate, and are NOT an OFFICIAL record for the exact Submerged Lands Act Boundary. The Official Protraction Diagrams (OPDs) and Supplemental Official Block Diagrams (SOBDs) serve as the legal definition for offshore boundary coordinates and area descriptions. The EEZ is based on the low-water line along the coast, and is also updated periodically. These digital boundaries do NOT represent the legal definition of the maritime boundaries.&lt;/SPAN&gt;&lt;/P&gt;&lt;/DIV&gt;&lt;/DIV&gt;&lt;/DIV&gt;</idAbs><idPurp>This GIS data delineates the Magnuson-Stevens Fishery Conservation &amp; Management Act (MSA) for the Atlantic Ocean and Gulf of Mexico marine waters. The MSA is the primary law governing marine fisheries management in the United States federal waters. The Act created regional fishery management councils to manage fisheries and promote conservation. The MSA geographic area extends from the state/federal water boundary to the exclusive economic zone (EEZ) outer boundary. The National Marine Fisheries Service (NMFS) uses these boundaries to create the geographic regulatory boundaries in federal waters. The Fishery Management Council Boundaries are included in this dataset, and bisect the MSA. These digital boundaries do NOT represent the legal depiction of the maritime boundaries.</idPurp><idCredit>The federal MSA/FMC waters polygon dataset was compiled by NOAA/NMFS from official limits provided by NOAA/NMFS and NOAA/NOS and BOEM. The Fishery Management Council (FMC) boundaries are taken directly from 50 CFR 600.105. NOS depicts the 200nm EEZ on its nautical charts. The EEZ was downloaded from http://www.nauticalcharts.noaa.gov/csdl/mbount.htm.  BOEM depicts the Submerged Lands Act federal/state boundary on its official protraction diagrams (OPDs). The SLA was downloaded from http://www.boem.gov/Oil-and-Gas-Energy-Program/Mapping-and-Data/Index.aspx. The SLA boundary defines the seaward limit of a state's submerged lands and the landward boundary of federally managed Outer Continental Shelf lands. In the BOEM Atlantic Region it is projected 3 nautical miles offshore from the baseline. Further information on the SLA and development of this line from baseline points can be found in OCS Report MMS 99-0006: Boundary Development on the Outer Continental Shelf www.boem.gov/BOEM-Newsroom/Library/Publications/1999/99-0006-pdf.aspx.
Both agencies provide access to digital boundaries at their respective websites. NOS' digital limits covering this area of interest were reviewed and approved by the interagency U.S. Baseline Committee over several meetings in 2004-2005. The EEZ was reviewed and approved on October 5, 2006. BOEM's protraction diagrams were approved in 1999. Although these datasets can be downloaded at the 3rd party Multipurpose Marine Cadastre (MMC) website: http://marinecadastre.gov/data/, this website is not maintained for currentness, and data taken directly from NOS/OCS and BOEM will be more up-to-date/authoritative.</idCredit><idStatus><ProgCd value="001"/></idStatus><idPoC xmlns=""><rpIndName>GIS Coordinator</rpIndName><rpOrgName>Department of Commerce (DOC), National Oceanic and Atmospheric Administration (NOAA), National Marine Fisheries Service (NMFS)</rpOrgName><rpPosName>GIS Coordinator</rpPosName><rpCntInfo xmlns=""><cntPhone><voiceNum tddtty="">727-824-5312</voiceNum><faxNum>727-824-5309</faxNum></cntPhone><cntAddress addressType="both"><delPoint>263 13th Ave S</delPoint><city>St. Petersburg</city><adminArea>FL</adminArea><postCode>33701</postCode><country>US</country><eMailAdd>nmfs.ser.gis.coordinator@noaa.gov</eMailAdd></cntAddress></rpCntInfo><role><RoleCd value="007"/></role></idPoC><resMaint xmlns=""><maintFreq><MaintFreqCd value="009"/></maintFreq></resMaint><placeKeys xmlns=""><keyword>North Carolina</keyword><keyword>Rhode Island</keyword><keyword>South Carolina</keyword><keyword>Florida</keyword><keyword>Atlantic Ocean</keyword><keyword>New York</keyword><keyword>Texas</keyword><keyword>Virginia</keyword><keyword>New Hampshire</keyword><keyword>Alabama</keyword><keyword>Massachusetts</keyword><keyword>Mississippi</keyword><keyword>New Jersey</keyword><keyword>Georgia</keyword><keyword>Connecticut</keyword><keyword>Louisiana</keyword><keyword>Maryland</keyword><keyword>Gulf of Mexico</keyword><keyword>Maine</keyword><keyword>Delaware</keyword></placeKeys><themeKeys xmlns=""><keyword>SLA</keyword><keyword>Magnuson-Stevens Act</keyword><keyword>Fishery Management Council</keyword><keyword>FMC</keyword><keyword>3 nautical mile line</keyword><keyword>MSA</keyword><keyword>Exclusive Economic Zone</keyword><keyword>200 nautical mile limit</keyword><keyword>Law of the Sea</keyword><keyword>Maritime Boundary</keyword><keyword>EEZ</keyword><keyword>Submerged Lands Act</keyword><keyword>planning cadastre</keyword><keyword>Baseline</keyword><keyword>GIS</keyword></themeKeys><themeKeys xmlns=""><thesaName><resTitle>ISO 19115 Topic Categories</resTitle></thesaName><keyword>oceans</keyword><keyword>boundaries</keyword><keyword>planningCadastre</keyword></themeKeys><searchKeys><keyword>North Carolina</keyword><keyword>Rhode Island</keyword><keyword>South Carolina</keyword><keyword>SLA</keyword><keyword>Magnuson-Stevens Act</keyword><keyword>3 nautical mile line</keyword><keyword>oceans</keyword><keyword>Florida</keyword><keyword>Atlantic Ocean</keyword><keyword>MSA</keyword><keyword>New York</keyword><keyword>Texas</keyword><keyword>Virginia</keyword><keyword>New Hampshire</keyword><keyword>Exclusive Economic Zone</keyword><keyword>200 nautical mile limit</keyword><keyword>boundaries</keyword><keyword>Law of the Sea</keyword><keyword>Maritime Boundary</keyword><keyword>EEZ</keyword><keyword>Submerged Lands Act</keyword><keyword>Alabama</keyword><keyword>Massachusetts</keyword><keyword>planning cadastre</keyword><keyword>Mississippi</keyword><keyword>New Jersey</keyword><keyword>Baseline</keyword><keyword>Georgia</keyword><keyword>Connecticut</keyword><keyword>Louisiana</keyword><keyword>Maryland</keyword><keyword>Gulf of Mexico</keyword><keyword>Maine</keyword><keyword>planningCadastre</keyword><keyword>GIS</keyword><keyword>Delaware</keyword><keyword>Fishery Management Council</keyword><keyword>FMC</keyword></searchKeys><resConst><Consts xmlns=""><useLimit>&lt;DIV STYLE="text-align:Left;"&gt;&lt;DIV&gt;&lt;DIV&gt;&lt;P&gt;&lt;SPAN&gt;NOT FOR LEGAL USE&lt;/SPAN&gt;&lt;/P&gt;&lt;/DIV&gt;&lt;/DIV&gt;&lt;/DIV&gt;</useLimit></Consts></resConst><spatRpType><SpatRepTypCd value="001"/></spatRpType><dataLang><languageCode value="eng"/><countryCode value="USA" Sync="TRUE"/></dataLang><envirDesc Sync="TRUE">Microsoft Windows 7 Version 6.1 (Build 7601) Service Pack 1; Esri ArcGIS 10.2.1.3497</envirDesc><dataExt xmlns=""><geoEle xmlns=""><GeoBndBox><westBL>-97.21147</westBL><eastBL>-65.69946</eastBL><southBL>23.817944</southBL><northBL>44.769022</northBL><exTypeCode>1</exTypeCode></GeoBndBox></geoEle><exDesc>U.S./Canadian boundary to U.S./Mexico boundary. Includes NEFMC, MAFMC, SEFMC.</exDesc><tempEle><TempExtent><exTemp><TM_Instant><tmPosition>2011-06-01T00:00:00</tmPosition></TM_Instant></exTemp></TempExtent></tempEle></dataExt><dataChar><CharSetCd value="004"/></dataChar><resConst><LegConsts xmlns=""><useLimit>Users must assume responsibility to determine the appropriate use of this data set. The digital maritime limits are not to be used for a LEGAL definition. The legal definition still remains the depiction on NOAA's nautical charts or BOEMs protraction diagrams.</useLimit></LegConsts></resConst><dataExt><geoEle xmlns=""><GeoBndBox esriExtentType="search"><exTypeCode Sync="TRUE">1</exTypeCode><westBL Sync="TRUE">-97.211470</westBL><eastBL Sync="TRUE">-65.699460</eastBL><northBL Sync="TRUE">44.769022</northBL><southBL Sync="TRUE">23.817944</southBL></GeoBndBox></geoEle></dataExt><tpCat><TopicCatCd value="014"/></tpCat><tpCat><TopicCatCd value="015"/></tpCat><tpCat><TopicCatCd value="003"/></tpCat></dataIdInfo><mdMaint xmlns=""><maintFreq><MaintFreqCd value="012"/></maintFreq><dateNext>2013-09-30T00:00:00</dateNext></mdMaint><mdConst><Consts xmlns=""><useLimit>&lt;DIV STYLE="text-align:Left;"&gt;&lt;DIV&gt;&lt;DIV&gt;&lt;P&gt;&lt;SPAN&gt;NOT FOR LEGAL USE&lt;/SPAN&gt;&lt;/P&gt;&lt;/DIV&gt;&lt;/DIV&gt;&lt;/DIV&gt;</useLimit></Consts></mdConst><dqInfo xmlns=""><dqScope><scpLvl><ScopeCd value="005"/></scpLvl><scpLvlDesc xmlns=""><datasetSet>MSA/FMC polygon</datasetSet></scpLvlDesc></dqScope><report type="DQConcConsis" dimension="" xmlns=""><measDesc>The data, are believed to be logically consistent, based on the metadata obtained from NOS and BOEM.</measDesc><measId xmlns=""><identCode>unknown</identCode></measId><evalMethDesc>unknown</evalMethDesc><evalMethType><EvalMethTypeCd value="001"/></evalMethType><evalProc xmlns=""><resTitle>unknown</resTitle><date><createDate>2011-06-01T00:00:00</createDate></date></evalProc></report><report type="DQCompOm" dimension="" xmlns=""><measDesc>This dataset is complete. Maritime limits are ambulatory; therefore, the limits may be updated at a later date if the charted depictions of the farthest seaward low-water mark changes. In addition, the maritime boundaries portion of this dataset may be updated if a new maritime boundary agreement is established or revised. Lastly, the SLA boundary for all states except Florida has been set by the US Supreme Court. The Florida boundary in this dataset, will be updated. Because GIS projection and topology functions can change or generalize coordinates, these GIS files are considered to be approximate, and are NOT an OFFICIAL record for the exact Submerged Lands Act Boundary. The Official Protraction Diagrams (OPDs) and Supplemental Official Block Diagrams (SOBDs) serve as the legal definition for offshore boundary coordinates and area descriptions.</measDesc><measId xmlns=""><identCode>unknown</identCode></measId><evalMethDesc>unknown</evalMethDesc><evalProc xmlns=""><resTitle>unknown</resTitle><date><createDate>2011-06-01T00:00:00</createDate></date></evalProc></report><report type="DQAbsExtPosAcc" dimension="horizontal" xmlns=""><measDesc>No specific test was performed on the dataset. The data was obtained from NOS and BOEM sources. Information on accuracy can be obtained from those sources. The number of decimal places used in the output format does not imply an accuracy level higher than the source chart documents.</measDesc><evalMethDesc>unknown</evalMethDesc><measId xmlns=""><identCode>unknown</identCode></measId><evalMethType><EvalMethTypeCd value="001"/></evalMethType><evalProc xmlns=""><resTitle>unknown</resTitle><date><createDate>2011-06-01T00:00:00</createDate></date></evalProc><measResult><ConResult xmlns=""><conSpec xmlns=""><resTitle>unknown</resTitle><date><createDate>2011-06-01T00:00:00</createDate></date></conSpec><conExpl>unknown</conExpl><conPass>0</conPass></ConResult></measResult></report><report type="DQAbsExtPosAcc" dimension="vertical" xmlns=""><measDesc>No specific test was used to determine the vertical accuracy of the points. the data was obtained from NOS and BOEM sources. Information on accuracy can be obtained from those sources.</measDesc><evalMethDesc>unknown</evalMethDesc><measId xmlns=""><identCode>unknown</identCode></measId><evalMethType><EvalMethTypeCd value="001"/></evalMethType><evalProc xmlns=""><resTitle>unknown</resTitle><date><createDate>2011-06-01T00:00:00</createDate></date></evalProc><measResult><ConResult xmlns=""><conSpec xmlns=""><resTitle>unknown</resTitle><date><createDate>2011-06-01T00:00:00</createDate></date></conSpec><conExpl>unknown</conExpl><conPass>0</conPass></ConResult></measResult></report><dataLineage><statement>Data from NOS and BOEM were combined to create the MSA federal waters area: the inner or shoreward boundary (state/federal marine boundary) and outer EEZ for the U.S. east coast and the Gulf of Mexico. Outer EEZ: the EEZ was downloaded from http://www.nauticalcharts.noaa.gov/csdl/mbount.htm. The limits are determined from the official U.S. Baseline, recognized as the low-water line along the coast as marked on the official U.S. nautical charts in accordance with the articles of the Law of the Sea. State/federal marine boundary (SLA): the SLA was downloaded from http://www.boem.gov/Oil-and-Gas-Energy-Program/Mapping-and-Data/Index.aspx. The boundary appears on BOEM's official protraction diagrams. The SLA boundary defines the seaward limit of a state's submerged lands and the landward boundary of federally managed Outer Continental Shelf lands. In the BOEM Atlantic Region it is projected 3 nautical miles offshore from the baseline. The FMC boundaries were obtained from 50 CFR 600.105.</statement><prcStep xmlns=""><stepDesc>Step 1: Outer EEZ GIS shapefiles for the Gulf of Mexico and Atlantic Ocean (Source: NOS), and SLA GIS ArcInfo .e00 coverage export files (Source: BOEM SLA and Protraction Diagrams) were merged to create a single polygon for the eastern United States (Atlantic Ocean and Gulf of Mexico). This is considered the Magnuson-Stevens Act (MSA) area, which in effect is the federal waters used for National Marine Fisheries Service regulatory boundaries. The SLA line was discontinuous in the southwest Florida area, where the outer boundary of Protraction Diagrams were clipped and supplemented the SLA to create a continuous boundary. The lines were cleaned, and a polygon was created for the entire MSA area.</stepDesc><stepDateTm>2011-06-01T00:00:00</stepDateTm><stepProc xmlns=""><rpIndName>GIS Coordinator</rpIndName><rpOrgName>Department of Commerce (DOC), National Oceanic and Atmospheric Administration (NOAA), National Marine Fisheries Service (NMFS)</rpOrgName><rpPosName>GIS Coordinator</rpPosName><rpCntInfo xmlns=""><cntPhone><voiceNum tddtty="">727-824-5312</voiceNum><faxNum>727-824-5309</faxNum></cntPhone><cntAddress addressType="both"><delPoint>263 13th Ave S</delPoint><city>St. Petersburg</city><adminArea>FL</adminArea><postCode>33701</postCode><country>US</country><eMailAdd>nmfs.ser.gis.coordinator@noaa.gov</eMailAdd></cntAddress></rpCntInfo><role><RoleCd value="009"/></role></stepProc></prcStep><prcStep xmlns=""><stepDesc>Step 2: After the MSA was created, the descriptions from 50 CFR 600.105 were used to create the points/bearings and lines for each FMC. Those lines were used to 'cut polygon' when editing the MSA layer to ceate the MSA for the eastern US and Gulf of Mexico, with FMC divisions.</stepDesc><stepDateTm>2011-06-02T00:00:00</stepDateTm><stepProc xmlns=""><rpIndName>GIS Coordinator</rpIndName><rpOrgName>Department of Commerce (DOC), National Oceanic and Atmospheric Administration (NOAA), National Marine Fisheries Service (NMFS)</rpOrgName><rpPosName>GIS Coordinator</rpPosName><rpCntInfo xmlns=""><cntPhone><voiceNum tddtty="">727-824-5312</voiceNum><faxNum>727-824-5309</faxNum></cntPhone><cntAddress addressType="both"><delPoint>263 13th Ave S</delPoint><city>St. Petersburg</city><adminArea>FL</adminArea><postCode>33701</postCode><country>US</country><eMailAdd>nmfs.ser.gis.coordinator@noaa.gov</eMailAdd></cntAddress></rpCntInfo><role><RoleCd value="009"/></role><displayName>GIS Coordinator</displayName></stepProc></prcStep></dataLineage></dqInfo><spatRepInfo><VectSpatRep><geometObjs Name="MSA_FMC_US_Atlantic_GOM"><geoObjTyp><GeoObjTypCd value="002" Sync="TRUE"></GeoObjTypCd></geoObjTyp><geoObjCnt Sync="TRUE">4</geoObjCnt></geometObjs><topLvl><TopoLevCd value="001" Sync="TRUE"></TopoLevCd></topLvl></VectSpatRep></spatRepInfo><eainfo><detailed Name="MSA_FMC_US_Atlantic_GOM" xmlns=""><enttyp><enttypl Sync="TRUE">MSA_FMC_US_Atlantic_GOM</enttypl><enttypd>MSA/FMC polygons for eastern U.S. and Gulf of Mexico</enttypd><enttypds>unknown</enttypds><enttypt Sync="TRUE">Feature Class</enttypt><enttypc Sync="TRUE">4</enttypc></enttyp><attr xmlns=""><attrlabl>Shape</attrlabl><attrdef>Feature geometry.</attrdef><attrdefs>ESRI</attrdefs><attrdomv><udom>Coordinates defining the features.</udom></attrdomv><attalias Sync="TRUE">Shape</attalias><attrtype Sync="TRUE">Geometry</attrtype><attwidth Sync="TRUE">0</attwidth><atprecis Sync="TRUE">0</atprecis><attscale Sync="TRUE">0</attscale></attr><attr xmlns=""><attrlabl>Id</attrlabl><attrdef>polygon identifier</attrdef><attrdefs>unknown</attrdefs><attrdomv><edom xmlns=""><edomv>0-4</edomv><edomvd>the ID values match the FID. Solely for differentiating between polygons.</edomvd><edomvds>unknown</edomvds></edom></attrdomv><attalias Sync="TRUE">Id</attalias><attrtype Sync="TRUE">Integer</attrtype><attwidth Sync="TRUE">9</attwidth><atprecis Sync="TRUE">9</atprecis><attscale Sync="TRUE">0</attscale></attr><attr xmlns=""><attrlabl Sync="TRUE">OBJECTID</attrlabl><attalias Sync="TRUE">OBJECTID</attalias><attrtype Sync="TRUE">Integer</attrtype><attwidth Sync="TRUE">9</attwidth><atprecis Sync="TRUE">9</atprecis><attscale Sync="TRUE">0</attscale><attrdef>generated value. not used.</attrdef><attrdefs>none</attrdefs><attrdomv><edom xmlns=""><edomv>1</edomv><edomvd>none</edomvd><edomvds>none</edomvds></edom></attrdomv></attr><attr xmlns=""><attrlabl>FID</attrlabl><attrdef>Internal feature number.</attrdef><attrdefs>ESRI</attrdefs><attrdomv><udom>Sequential unique whole numbers that are automatically generated.</udom></attrdomv><attalias Sync="TRUE">FID</attalias><attrtype Sync="TRUE">OID</attrtype><attwidth Sync="TRUE">4</attwidth><atprecis Sync="TRUE">0</atprecis><attscale Sync="TRUE">0</attscale></attr><attr xmlns=""><attrlabl Sync="TRUE">FMC</attrlabl><attalias Sync="TRUE">FMC</attalias><attrtype Sync="TRUE">String</attrtype><attwidth Sync="TRUE">50</attwidth><atprecis Sync="TRUE">0</atprecis><attscale Sync="TRUE">0</attscale><attrdef>Name of Fishery Management Council Region</attrdef><attrdefs>50 CFR 600.105</attrdefs><attrdomv><udom>These values are the names of the FMCs</udom></attrdomv></attr></detailed></eainfo><mdHrLvName Sync="TRUE">dataset</mdHrLvName><refSysInfo><RefSystem><refSysID><identCode code="4269" Sync="TRUE"/><idCodeSpace Sync="TRUE">EPSG</idCodeSpace><idVersion Sync="TRUE">8.2.6</idVersion></refSysID></RefSystem></refSysInfo><spdoinfo><ptvctinf><esriterm Name="MSA_FMC_US_Atlantic_GOM"><efeatyp Sync="TRUE">Simple</efeatyp><efeageom code="4" Sync="TRUE"></efeageom><esritopo Sync="TRUE">FALSE</esritopo><efeacnt Sync="TRUE">4</efeacnt><spindex Sync="TRUE">FALSE</spindex><linrefer Sync="TRUE">FALSE</linrefer></esriterm></ptvctinf></spdoinfo></metadata>
