<metadata xml:lang="en"><Esri><CreaDate>20130222</CreaDate><CreaTime>12050000</CreaTime><ArcGISstyle>FGDC CSDGM Metadata</ArcGISstyle><SyncOnce>FALSE</SyncOnce><DataProperties><itemProps><itemLocation><linkage Sync="TRUE">file://\\sas4\gis\gisdata\PRODUCTS\person\kcucinotta\GOM_final2\shapefiles\Gulf_ReefLL_seasonal_pt.shp</linkage><protocol Sync="TRUE">Local Area Network</protocol></itemLocation><itemName Sync="TRUE">Gulf_ReefLL_seasonal_pt</itemName><nativeExtBox><westBL Sync="TRUE">-85.500013</westBL><eastBL Sync="TRUE">-83.000022</eastBL><southBL Sync="TRUE">24.441662</southBL><northBL Sync="TRUE">28.987495</northBL><exTypeCode Sync="TRUE">1</exTypeCode></nativeExtBox><itemSize Sync="TRUE">0.000</itemSize><imsContentType Sync="TRUE" export="False">002</imsContentType></itemProps><copyHistory><copy source="Q:\PRODUCTS\person\africk\SF\35_fathom_FB09_054" dest="\\sas4\gis\gisdata\PRODUCTS\person\kcucinotta\gom_closures\shapefiles\35_fathom_FB09_054" date="20130222" time="11595200"/></copyHistory><lineage><Process ToolSource="c:\program files\arcgis\desktop10.0\ArcToolbox\Toolboxes\Data Management Tools.tbx\Project" Date="20130222" Time="120501" Name="" export="">Project Q:\PRODUCTS\person\kcucinotta\gom_closures\shapefiles\35_fathom_FB09_054.shp Q:\PRODUCTS\person\kcucinotta\gom_closures\shapefiles\NAD83\q_Gulf_ReefLongline_pt.shp GEOGCS['GCS_North_American_1983',DATUM['D_North_American_1983',SPHEROID['GRS_1980',6378137.0,298.257222101]],PRIMEM['Greenwich',0.0],UNIT['Degree',0.0174532925199433]] NAD_1983_To_WGS_1984_5 #</Process></lineage><coordRef><type Sync="TRUE">Geographic</type><geogcsn Sync="TRUE">GCS_North_American_1983</geogcsn><csUnits Sync="TRUE">Angular Unit: Degree (0.017453)</csUnits><peXml Sync="TRUE">&lt;GeographicCoordinateSystem xsi:type='typens:GeographicCoordinateSystem' xmlns:xsi='http://www.w3.org/2001/XMLSchema-instance' xmlns:xs='http://www.w3.org/2001/XMLSchema' xmlns:typens='http://www.esri.com/schemas/ArcGIS/10.1'&gt;&lt;WKT&gt;GEOGCS[&amp;quot;GCS_North_American_1983&amp;quot;,DATUM[&amp;quot;D_North_American_1983&amp;quot;,SPHEROID[&amp;quot;GRS_1980&amp;quot;,6378137.0,298.257222101]],PRIMEM[&amp;quot;Greenwich&amp;quot;,0.0],UNIT[&amp;quot;Degree&amp;quot;,0.0174532925199433],METADATA[&amp;quot;North America - NAD83&amp;quot;,167.65,14.93,-47.74,86.45,0.0,0.0174532925199433,0.0,1350],AUTHORITY[&amp;quot;EPSG&amp;quot;,4269]]&lt;/WKT&gt;&lt;XOrigin&gt;-400&lt;/XOrigin&gt;&lt;YOrigin&gt;-400&lt;/YOrigin&gt;&lt;XYScale&gt;11258999068426.238&lt;/XYScale&gt;&lt;ZOrigin&gt;-100000&lt;/ZOrigin&gt;&lt;ZScale&gt;10000&lt;/ZScale&gt;&lt;MOrigin&gt;-100000&lt;/MOrigin&gt;&lt;MScale&gt;10000&lt;/MScale&gt;&lt;XYTolerance&gt;8.9831528411952133e-009&lt;/XYTolerance&gt;&lt;ZTolerance&gt;0.001&lt;/ZTolerance&gt;&lt;MTolerance&gt;0.001&lt;/MTolerance&gt;&lt;HighPrecision&gt;true&lt;/HighPrecision&gt;&lt;LeftLongitude&gt;-180&lt;/LeftLongitude&gt;&lt;WKID&gt;4269&lt;/WKID&gt;&lt;LatestWKID&gt;4269&lt;/LatestWKID&gt;&lt;/GeographicCoordinateSystem&gt;</peXml></coordRef></DataProperties><ArcGISFormat>1.0</ArcGISFormat><SyncDate>20140902</SyncDate><SyncTime>09160600</SyncTime><ModDate>20140902</ModDate><ModTime>09160600</ModTime><ArcGISProfile>FGDC</ArcGISProfile><scaleRange><minScale>150000000</minScale><maxScale>5000</maxScale></scaleRange></Esri><mdLang><languageCode value="eng"/><countryCode value="USA" Sync="TRUE"/></mdLang><mdChar><CharSetCd value="004"/></mdChar><mdHrLv><ScopeCd value="005"/></mdHrLv><mdContact xmlns=""><rpOrgName>Department of Commerce (DOC), National Oceanic and Atmospheric Administration (NOAA), National Marine Fisheries Service (NMFS)</rpOrgName><rpCntInfo xmlns=""><cntAddress addressType="both"><delPoint>263 13th Ave S</delPoint><city>St. Petersburg</city><adminArea>FL</adminArea><postCode>33701</postCode><eMailAdd>amanda.frick@noaa.gov</eMailAdd><country>US</country></cntAddress><cntPhone><voiceNum tddtty="">727-824-5312</voiceNum><faxNum>727-824-5309</faxNum></cntPhone></rpCntInfo><rpIndName>Amanda Frick</rpIndName><rpPosName>GIS Coordinator</rpPosName><displayName>GIS Coordinator</displayName><role><RoleCd value="011"/></role></mdContact><mdStanName>ArcGIS Metadata</mdStanName><mdStanVer>1.0</mdStanVer><distInfo xmlns=""><distributor xmlns=""><distorCont xmlns=""><rpOrgName>Department of Commerce (DOC), National Oceanic and Atmospheric Administration (NOAA), National Marine Fisheries Service (NMFS)</rpOrgName><rpCntInfo xmlns=""><cntAddress addressType="both"><delPoint>263 13th Ave S</delPoint><city>St. Petersburg</city><adminArea>FL</adminArea><postCode>33701</postCode><eMailAdd>amanda.frick@noaa.gov</eMailAdd><country>US</country></cntAddress><cntPhone><voiceNum tddtty="">727-824-5312</voiceNum><faxNum>727-824-5309</faxNum></cntPhone></rpCntInfo><rpIndName>Amanda Frick</rpIndName><rpPosName>GIS Coordinator</rpPosName><displayName>GIS Coordinator</displayName><role><RoleCd value="005"/></role></distorCont></distributor><distTranOps xmlns=""><onLineSrc xmlns=""><linkage>http://sero.nmfs.noaa.gov/maps_gis_data/fisheries/gom/GOM_index.html </linkage></onLineSrc><transSize Sync="TRUE">0.000</transSize></distTranOps><distFormat xmlns=""><formatVer>ArcGIS 9-10.x</formatVer><formatName Sync="TRUE">Shapefile</formatName></distFormat></distInfo><dataIdInfo><idCitation xmlns=""><resTitle Sync="FALSE">Seasonal Prohibitions Applicable to Bottom Longline Fishing for Gulf Reef Fish (point)</resTitle><date><pubDate date="inapplicable">2013-07-01T00:00:00</pubDate></date><citRespParty xmlns=""><rpOrgName>Department of Commerce (DOC), National Oceanic and Atmospheric Administration (NOAA), National Marine Fisheries Service (NMFS)</rpOrgName><rpCntInfo xmlns=""><cntAddress addressType="both"><delPoint>263 13th Ave S</delPoint><city>St. Petersburg</city><adminArea>FL</adminArea><postCode>33701</postCode><eMailAdd>amanda.frick@noaa.gov</eMailAdd><country>US</country></cntAddress><cntPhone><voiceNum tddtty="">727-824-5312</voiceNum><faxNum>727-824-5309</faxNum></cntPhone></rpCntInfo><rpIndName>Amanda Frick</rpIndName><rpPosName>GIS Coordinator</rpPosName><displayName>GIS Coordinator</displayName><role><RoleCd value="006"/></role></citRespParty><presForm xmlns=""><PresFormCd value="005" Sync="TRUE"/></presForm></idCitation><idAbs>&lt;DIV STYLE="text-align:Left;"&gt;&lt;DIV&gt;&lt;DIV&gt;&lt;P&gt;&lt;SPAN&gt;These data represent the geographic area described in Title 50 CFR Part 622.35(b)(1), Fisheries of the Caribbean, Gulf of Mexico, and South Atlantic, Subpart B - Reef Fish Resources of the Gulf of Mexico, Gear restricted areas, Seasonal prohibitions applicable to bottom longline fishing for Gulf reef fish, as of 07/01/13.&lt;/SPAN&gt;&lt;/P&gt;&lt;/DIV&gt;&lt;/DIV&gt;&lt;/DIV&gt;</idAbs><idPurp>The purpose of these data is to visually represent the seasonal and/or area closures for GIS analysis and display. This does not necessarily reflect the latest information contained in the Code of Federal Regulations. Users must assume responsibility to determine the appropriate use of these data as the currency and/or accuracy of these data cannot be guaranteed.</idPurp><idStatus><ProgCd value="001"/></idStatus><resMaint xmlns=""><maintFreq><MaintFreqCd value="009"/></maintFreq></resMaint><placeKeys xmlns=""><keyword>Gulf of Mexico</keyword><keyword>EEZ</keyword></placeKeys><themeKeys xmlns=""><keyword>fishery management areas</keyword><keyword>NMFS</keyword><keyword>marine protected areas</keyword><keyword>National Marine Fisheries Service</keyword><keyword>GIS</keyword><keyword>closed areas</keyword><keyword>MPA</keyword></themeKeys><searchKeys><keyword>fishery management areas</keyword><keyword>NMFS</keyword><keyword>marine protected areas</keyword><keyword>Gulf of Mexico</keyword><keyword>EEZ</keyword><keyword>National Marine Fisheries Service</keyword><keyword>GIS</keyword><keyword>closed areas</keyword><keyword>MPA</keyword></searchKeys><resConst><LegConsts xmlns=""><useLimit>Although these data have been used by the National Oceanic and Atmospheric Administration, U.S. Department of Commerce, no warranty expressed or implied is made by the National Oceanic and Atmospheric Administration as to the accuracy of the data. The act of Distribution shall not constitute any such warranty, and no responsibility is assumed by the National Oceanic and Atmospheric Administration in the use of these data, software, or related materials.</useLimit></LegConsts></resConst><resConst><Consts xmlns=""><useLimit>&lt;DIV STYLE="text-align:Left;"&gt;&lt;DIV&gt;&lt;DIV&gt;&lt;P&gt;&lt;SPAN&gt;NOT FOR LEGAL USE. Users be advised that the accuracy of this dataset is somewhat dependent upon the accuracy of the state/federal marine boundary and EEZ data if it was used in the data creation process. For more details on this process, see the process description. The current text description from Title 50 Part 622, Fisheries of the Caribbean, Gulf of Mexico, and South Atlantic, is always the one, true definition of the seasonal and/or area closures. These, or any other depictions, are for information purposes only and shouldn't be relied on for regulatory purposes.&lt;/SPAN&gt;&lt;/P&gt;&lt;/DIV&gt;&lt;/DIV&gt;&lt;/DIV&gt;</useLimit></Consts></resConst><aggrInfo xmlns=""><aggrDSName xmlns=""><resTitle>Title 50 CFR Part 622</resTitle><date><reviseDate>2013-07-01T00:00:00</reviseDate></date><citOnlineRes xmlns=""><linkage>http://ecfr.gpoaccess.gov/</linkage></citOnlineRes></aggrDSName><assocType><AscTypeCd value="001"/></assocType></aggrInfo><dataLang><languageCode value="eng"/><countryCode value="USA" Sync="TRUE"/></dataLang><dataExt xmlns=""><exDesc>ground condition</exDesc><tempEle><TempExtent><exTemp><TM_Period xmlns=""><tmBegin time="unknown">2013-07-01T00:00:00</tmBegin><tmEnd date="unknown" time="unknown"/></TM_Period></exTemp></TempExtent></tempEle></dataExt><idPoC xmlns=""><rpOrgName>Department of Commerce (DOC), National Oceanic and Atmospheric Administration (NOAA), National Marine Fisheries Service (NMFS)</rpOrgName><rpCntInfo xmlns=""><cntAddress addressType="both"><delPoint>263 13th Ave S</delPoint><city>St. Petersburg</city><adminArea>FL</adminArea><postCode>33701</postCode><eMailAdd>amanda.frick@noaa.gov</eMailAdd><country>US</country></cntAddress><cntPhone><voiceNum tddtty="">727-824-5312</voiceNum><faxNum>727-824-5309</faxNum></cntPhone></rpCntInfo><rpIndName>Amanda Frick</rpIndName><rpPosName>GIS Coordinator</rpPosName><displayName>GIS Coordinator</displayName><role><RoleCd value="007"/></role></idPoC><dataChar><CharSetCd value="004"/></dataChar><envirDesc Sync="TRUE">Microsoft Windows 7 Version 6.1 (Build 7601) Service Pack 1; Esri ArcGIS 10.2.2.3552</envirDesc><spatRpType><SpatRepTypCd value="001" Sync="TRUE"/></spatRpType><dataExt xmlns=""><geoEle xmlns=""><GeoBndBox esriExtentType="search"><exTypeCode Sync="TRUE">1</exTypeCode><westBL Sync="TRUE">-85.500013</westBL><eastBL Sync="TRUE">-83.000022</eastBL><northBL Sync="TRUE">28.987495</northBL><southBL Sync="TRUE">24.441662</southBL></GeoBndBox></geoEle></dataExt><tpCat><TopicCatCd value="002"/></tpCat><tpCat><TopicCatCd value="003"/></tpCat><tpCat><TopicCatCd value="007"/></tpCat><tpCat><TopicCatCd value="014"/></tpCat></dataIdInfo><mdMaint xmlns=""><maintFreq><MaintFreqCd value="009"/></maintFreq></mdMaint><dqInfo xmlns=""><dqScope><scpLvl><ScopeCd value="005"/></scpLvl></dqScope><report type="DQConcConsis" dimension="" xmlns=""><measDesc>No tests for logical consistency were performed on this data. The data was visually inspected to confirm that: it contains the requisite points and boundaries from the CFR text description.</measDesc></report><report type="DQCompOm" dimension="" xmlns=""/><report type="DQAbsExtPosAcc" dimension="horizontal" xmlns=""><measDesc>No specific test was performed on the dataset. For the state/federal marine boundary and EEZ lines, obtained from the National Oceanic and Atmospheric Administration's National Ocean Service, the data is a reflection of the largest scale raster nautical charts of the area. The number of decimal places used in the output format does not imply an accuracy level higher than the source chart documents. The positional point data from Title 50 CFR Part 622 is accurate to the distance published in that source, varying by closed area, from one second to one minute of latitude or longitude.</measDesc></report><dataLineage><dataSource xmlns="" type=""><srcDesc>geographic locations of closed and/or managed areas.</srcDesc><srcCitatn xmlns=""><resTitle>Title 50 CFR Part 622</resTitle><citRespParty xmlns=""><rpOrgName>Code of Federal Regulations, Office of the Federal Register, National Archives and Records Administration</rpOrgName><role><RoleCd value="006"/></role></citRespParty><presForm xmlns=""><PresFormCd value="002"/></presForm><presForm xmlns=""><fgdcGeoform>document</fgdcGeoform></presForm><citOnlineRes xmlns=""><linkage>http://ecfr.gpoaccess.gov/</linkage></citOnlineRes></srcCitatn><srcExt xmlns=""><exDesc>publication date</exDesc></srcExt></dataSource><prcStep xmlns=""><stepDesc>Points were entered in a table from geographic locations in Title 50 CFR Part 622, and a point GIS layer was created.</stepDesc><stepSrc type="used" xmlns=""><srcDesc>Title 50 CFR 622</srcDesc></stepSrc><stepProc xmlns=""><rpOrgName>Department of Commerce (DOC), National Oceanic and Atmospheric Administration (NOAA), National Marine Fisheries Service (NMFS)</rpOrgName><rpCntInfo xmlns=""><cntAddress addressType="both"><delPoint>263 13th Ave S</delPoint><city>St. Petersburg</city><adminArea>FL</adminArea><postCode>33701</postCode><eMailAdd>amanda.frick@noaa.gov</eMailAdd><country>US</country></cntAddress><cntPhone><voiceNum tddtty="">727-824-5312</voiceNum><faxNum>727-824-5309</faxNum></cntPhone></rpCntInfo><rpIndName>Amanda Frick</rpIndName><rpPosName>GIS Coordinator</rpPosName><displayName>GIS Coordinator</displayName><role><RoleCd value="009"/></role></stepProc></prcStep></dataLineage></dqInfo><eainfo><detailed Name="Gulf_ReefLL_seasonal_pt" xmlns=""><enttyp><enttypl Sync="TRUE">Gulf_ReefLL_seasonal_pt</enttypl><enttypt Sync="TRUE">Feature Class</enttypt><enttypc Sync="TRUE">11</enttypc><enttypd>area closures</enttypd><enttypds>Title 50 CFR Part 622</enttypds></enttyp><attr xmlns=""><attrlabl>FID</attrlabl><attrdef>Internal feature number.</attrdef><attrdefs>ESRI</attrdefs><attrdomv><udom>Sequential unique whole numbers that are automatically generated.</udom></attrdomv><attalias Sync="TRUE">FID</attalias><attrtype Sync="TRUE">OID</attrtype><attwidth Sync="TRUE">4</attwidth><atprecis Sync="TRUE">0</atprecis><attscale Sync="TRUE">0</attscale></attr><attr xmlns=""><attrlabl>Shape</attrlabl><attrdef>Feature geometry.</attrdef><attrdefs>ESRI</attrdefs><attrdomv><udom>Coordinates defining the features.</udom></attrdomv><attalias Sync="TRUE">Shape</attalias><attrtype Sync="TRUE">Geometry</attrtype><attwidth Sync="TRUE">0</attwidth><atprecis Sync="TRUE">0</atprecis><attscale Sync="TRUE">0</attscale></attr><attr xmlns=""><attrlabl Sync="TRUE">ID</attrlabl><attalias Sync="TRUE">ID</attalias><attrtype Sync="TRUE">Double</attrtype><attwidth Sync="TRUE">16</attwidth><atprecis Sync="TRUE">15</atprecis><attscale Sync="TRUE">6</attscale></attr><attr xmlns=""><attrlabl Sync="TRUE">POINT</attrlabl><attalias Sync="TRUE">POINT</attalias><attrtype Sync="TRUE">String</attrtype><attwidth Sync="TRUE">9</attwidth><atprecis Sync="TRUE">0</atprecis><attscale Sync="TRUE">0</attscale><attrdef>ID for the point generally taken from the Title 50 CFR Part 622</attrdef></attr><attr xmlns=""><attrlabl Sync="TRUE">Y</attrlabl><attalias Sync="TRUE">Y</attalias><attrtype Sync="TRUE">Double</attrtype><attwidth Sync="TRUE">16</attwidth><atprecis Sync="TRUE">15</atprecis><attscale Sync="TRUE">6</attscale></attr><attr xmlns=""><attrlabl Sync="TRUE">YDECMIN</attrlabl><attalias Sync="TRUE">YDECMIN</attalias><attrtype Sync="TRUE">Double</attrtype><attwidth Sync="TRUE">16</attwidth><atprecis Sync="TRUE">15</atprecis><attscale Sync="TRUE">6</attscale></attr><attr xmlns=""><attrlabl Sync="TRUE">LATITUDE</attrlabl><attalias Sync="TRUE">LATITUDE</attalias><attrtype Sync="TRUE">Double</attrtype><attwidth Sync="TRUE">16</attwidth><atprecis Sync="TRUE">15</atprecis><attscale Sync="TRUE">6</attscale></attr><attr xmlns=""><attrlabl Sync="TRUE">X</attrlabl><attalias Sync="TRUE">X</attalias><attrtype Sync="TRUE">Double</attrtype><attwidth Sync="TRUE">16</attwidth><atprecis Sync="TRUE">15</atprecis><attscale Sync="TRUE">6</attscale></attr><attr xmlns=""><attrlabl Sync="TRUE">XDECMIN</attrlabl><attalias Sync="TRUE">XDECMIN</attalias><attrtype Sync="TRUE">Double</attrtype><attwidth Sync="TRUE">16</attwidth><atprecis Sync="TRUE">15</atprecis><attscale Sync="TRUE">6</attscale></attr><attr xmlns=""><attrlabl Sync="TRUE">LONGITUDE</attrlabl><attalias Sync="TRUE">LONGITUDE</attalias><attrtype Sync="TRUE">Double</attrtype><attwidth Sync="TRUE">16</attwidth><atprecis Sync="TRUE">15</atprecis><attscale Sync="TRUE">6</attscale></attr></detailed></eainfo><mdHrLvName Sync="TRUE">dataset</mdHrLvName><refSysInfo><RefSystem><refSysID><identCode code="4269" Sync="TRUE"/><idCodeSpace Sync="TRUE">EPSG</idCodeSpace><idVersion Sync="TRUE">8.2.6</idVersion></refSysID></RefSystem></refSysInfo><spatRepInfo><VectSpatRep><geometObjs Name="Gulf_ReefLL_seasonal_pt"><geoObjTyp><GeoObjTypCd value="004" Sync="TRUE"></GeoObjTypCd></geoObjTyp><geoObjCnt Sync="TRUE">11</geoObjCnt></geometObjs><topLvl><TopoLevCd value="001" Sync="TRUE"></TopoLevCd></topLvl></VectSpatRep></spatRepInfo><spdoinfo><ptvctinf><esriterm Name="Gulf_ReefLL_seasonal_pt"><efeatyp Sync="TRUE">Simple</efeatyp><efeageom code="1" Sync="TRUE"></efeageom><esritopo Sync="TRUE">FALSE</esritopo><efeacnt Sync="TRUE">11</efeacnt><spindex Sync="TRUE">TRUE</spindex><linrefer Sync="TRUE">FALSE</linrefer></esriterm></ptvctinf></spdoinfo><mdDateSt Sync="TRUE">20140902</mdDateSt></metadata>
